{
  "greet": {
    "precision": 0.7333333333333333,
    "recall": 0.7857142857142857,
    "f1-score": 0.7586206896551724,
    "support": 14,
    "confused_with": {
      "mood_great": 1,
      "goodbye": 1
    }
  },
  "goodbye": {
    "precision": 0.7,
    "recall": 0.6363636363636364,
    "f1-score": 0.6666666666666666,
    "support": 11,
    "confused_with": {
      "greet": 2,
      "mood_great": 1
    }
  },
  "mood_great": {
    "precision": 0.6153846153846154,
    "recall": 0.5714285714285714,
    "f1-score": 0.5925925925925927,
    "support": 14,
    "confused_with": {
      "mood_unhappy": 3,
      "deny": 2
    }
  },
  "mood_unhappy": {
    "precision": 0.7333333333333333,
    "recall": 0.7333333333333333,
    "f1-score": 0.7333333333333333,
    "support": 15,
    "confused_with": {
      "deny": 2,
      "mood_great": 1
    }
  },
  "deny": {
    "precision": 0.4166666666666667,
    "recall": 0.7142857142857143,
    "f1-score": 0.5263157894736842,
    "support": 7,
    "confused_with": {
      "mood_unhappy": 1,
      "greet": 1
    }
  },
  "affirm": {
    "precision": 0.6666666666666666,
    "recall": 0.2857142857142857,
    "f1-score": 0.4,
    "support": 7,
    "confused_with": {
      "mood_great": 2,
      "deny": 2
    }
  },
  "accuracy": 0.6470588235294118,
  "macro avg": {
    "precision": 0.6442307692307692,
    "recall": 0.6211399711399711,
    "f1-score": 0.6129215119535748,
    "support": 68
  },
  "weighted avg": {
    "precision": 0.6641968325791855,
    "recall": 0.6470588235294118,
    "f1-score": 0.6431548501634975,
    "support": 68
  }
}