{
  "mood_great": {
    "precision": 0.4375,
    "recall": 0.4117647058823529,
    "f1-score": 0.42424242424242425,
    "support": 17,
    "confused_with": {
      "mood_unhappy": 5,
      "greet": 2
    }
  },
  "deny": {
    "precision": 0.7272727272727273,
    "recall": 0.6666666666666666,
    "f1-score": 0.6956521739130435,
    "support": 12,
    "confused_with": {
      "goodbye": 2,
      "mood_unhappy": 1
    }
  },
  "greet": {
    "precision": 0.5555555555555556,
    "recall": 0.45454545454545453,
    "f1-score": 0.5,
    "support": 11,
    "confused_with": {
      "mood_great": 4,
      "room_challenge": 1
    }
  },
  "mood_unhappy": {
    "precision": 0.625,
    "recall": 0.7142857142857143,
    "f1-score": 0.6666666666666666,
    "support": 21,
    "confused_with": {
      "mood_great": 2,
      "goodbye": 2
    }
  },
  "goodbye": {
    "precision": 0.5833333333333334,
    "recall": 0.5,
    "f1-score": 0.5384615384615384,
    "support": 14,
    "confused_with": {
      "mood_unhappy": 2,
      "mood_great": 1
    }
  },
  "bot_challenge": {
    "precision": 0.8181818181818182,
    "recall": 1.0,
    "f1-score": 0.9,
    "support": 9,
    "confused_with": {}
  },
  "witz_challenge": {
    "precision": 0.8181818181818182,
    "recall": 1.0,
    "f1-score": 0.9,
    "support": 9,
    "confused_with": {}
  },
  "a_Gebaeude_challenge": {
    "precision": 0.8947368421052632,
    "recall": 1.0,
    "f1-score": 0.9444444444444444,
    "support": 17,
    "confused_with": {}
  },
  "room_challenge": {
    "precision": 0.6666666666666666,
    "recall": 0.4,
    "f1-score": 0.5,
    "support": 5,
    "confused_with": {
      "a_Gebaeude_challenge": 2,
      "greet": 1
    }
  },
  "affirm": {
    "precision": 0.5833333333333334,
    "recall": 0.5384615384615384,
    "f1-score": 0.5599999999999999,
    "support": 13,
    "confused_with": {
      "mood_great": 2,
      "deny": 2
    }
  },
  "accuracy": 0.671875,
  "macro avg": {
    "precision": 0.6709762094630516,
    "recall": 0.6685724079841726,
    "f1-score": 0.6629467247728116,
    "support": 128
  },
  "weighted avg": {
    "precision": 0.6595470016779638,
    "recall": 0.671875,
    "f1-score": 0.6612028468210533,
    "support": 128
  }
}